[
  {
    "FirstName": "admin",
    "Email": "admin@gmail.com",
    "UserName": "admin",
    "EmailConfirmed": true,
    "LockoutEnabled": true,
    "AccessFailedCount": 10,
    "PhoneNumber": "0123456789",
    "PhoneNumberConfirmed": true,
    "TwoFactorEnabled": false,
    "IsActive": true,
    "CreatedDate": "2020-08-28T14:37:20.4241952+00:00",
    "ModifiedDate": "2020-08-28T14:37:20.4241952+00:00",
    "NormalizedEmail": "ADMIN@GMAIL.COM",
    "NormalizedUserName": "ADMIN"
  },
  {
    "FirstName": "Customer",
    "Email": "Customer@gmail.com",
    "UserName": "customer",
    "EmailConfirmed": true,
    "LockoutEnabled": true,
    "AccessFailedCount": 10,
    "PhoneNumber": "0123456789",
    "PhoneNumberConfirmed": true,
    "TwoFactorEnabled": false,
    "IsActive": true,
    "CreatedDate": "2020-08-28T14:37:20.4241952+00:00",
    "ModifiedDate": "2020-08-28T14:37:20.4241952+00:00",
    "NormalizedEmail": "CUSTOMER@GMAIL.COM",
    "NormalizedUserName": "CUSTOMER"
  }
  

  
]