{
  "version": "1.0",
  "defaultProvider": "cdnjs",
  "libraries": [
    {
      "library": "fontawesome-iconpicker@3.2.0",
      "destination": "wwwroot/lib/fontawesome-iconpicker/"
    },
    {
      "library": "sweetalert@2.1.2",
      "destination": "wwwroot/lib/sweetalert/"
    },
    {
      "library": "bootstrap-sweetalert@1.0.1",
      "destination": "wwwroot/lib/bootstrap-sweetalert/"
    },
    {
      "library": "bootstrap-datetimepicker@4.17.47",
      "destination": "wwwroot/lib/bootstrap-datetimepicker/"
    },
    {
      "library": "bootstrap-calendar@0.2.5",
      "destination": "wwwroot/lib/bootstrap-calendar/"
    },
    {
      "library": "bootstrap-multiselect@0.9.15",
      "destination": "wwwroot/lib/bootstrap-multiselect/"
    },
    {
      "library": "formvalidation@0.6.2-dev",
      "destination": "wwwroot/lib/formvalidation/"
    },
    {
      "library": "jquery-validation-unobtrusive@3.2.11",
      "destination": "wwwroot/lib/jquery-validation-unobtrusive/"
    },
    {
      "library": "jqBootstrapValidation@1.3.7",
      "destination": "wwwroot/lib/jqBootstrapValidation/"
    },
    {
      "library": "moment.js@2.27.0",
      "destination": "wwwroot/lib/moment.js/"
    },
    {
      "library": "bootstrap-social@5.1.1",
      "destination": "wwwroot/lib/bootstrap-social/"
    },
    {
      "library": "jqueryui@1.12.1",
      "destination": "wwwroot/lib/jqueryui/"
    },
    {
      "library": "bootstrap-datepicker@1.9.0",
      "destination": "wwwroot/lib/bootstrap-datepicker/"
    },
    {
      "library": "font-awesome@5.14.0",
      "destination": "wwwroot/lib/font-awesome/"
    },
    {
      "library": "bootstrap-select@1.13.18",
      "destination": "wwwroot/lib/bootstrap-select/"
    },
    {
      "library": "animate.css@4.1.1",
      "destination": "wwwroot/lib/animate.css/"
    }
  ]
}